Label,Notation,Parent Notation,Sort Priority
"Agriculture, Energy and Environment",/themes/agriculture-energy-environment/,,
"Business, Trade and International Development",/themes/business-trade-international-development/,,
"Children, Education and Skills",/themes/children-education-skills/,,
Crime and Security,/themes/crime-security/,,
Culture and Identity,/themes/culture-identity/,,
Economy,/themes/economy/,,
Health and Social Care,/themes/health-social-care/,,
"Housing, Planning and Local Services",/themes/housing-planning-local-services/,,
Labour Market and Welfare,/themes/labour-market-welfare/,,
Population and Society,/themes/population-society/,,
"Security, Defence and International Relations",/themes/security-defence-international-relations/,,
"Travel, Transport and Tourism",/themes/travel-transport-tourism/,,